{
  "HTTP Request-1" : {
    "transaction" : "HTTP Request-1",
    "sampleCount" : 100,
    "errorCount" : 0,
    "errorPct" : 0.0,
    "meanResTime" : 243.27999999999992,
    "medianResTime" : 244.5,
    "minResTime" : 126.0,
    "maxResTime" : 367.0,
    "pct1ResTime" : 354.9,
    "pct2ResTime" : 359.9,
    "pct3ResTime" : 366.95,
    "throughput" : 9.64785335262904,
    "receivedKBytesPerSec" : 8.602041123974915,
    "sentKBytesPerSec" : 3.5991015436565363
  },
  "Total" : {
    "transaction" : "Total",
    "sampleCount" : 299,
    "errorCount" : 0,
    "errorPct" : 0.0,
    "meanResTime" : 262.28762541806003,
    "medianResTime" : 218.0,
    "minResTime" : 93.0,
    "maxResTime" : 577.0,
    "pct1ResTime" : 553.0,
    "pct2ResTime" : 559.0,
    "pct3ResTime" : 576.0,
    "throughput" : 28.255528255528258,
    "receivedKBytesPerSec" : 20.164511375448875,
    "sentKBytesPerSec" : 14.030680046305045
  },
  "HTTP Request-0" : {
    "transaction" : "HTTP Request-0",
    "sampleCount" : 100,
    "errorCount" : 0,
    "errorPct" : 0.0,
    "meanResTime" : 151.59999999999994,
    "medianResTime" : 152.0,
    "minResTime" : 93.0,
    "maxResTime" : 218.0,
    "pct1ResTime" : 209.9,
    "pct2ResTime" : 213.0,
    "pct3ResTime" : 217.98,
    "throughput" : 9.574875526618154,
    "receivedKBytesPerSec" : 1.7298359105706624,
    "sentKBytesPerSec" : 3.5718773937188812
  },
  "HTTP Request" : {
    "transaction" : "HTTP Request",
    "sampleCount" : 99,
    "errorCount" : 0,
    "errorPct" : 0.0,
    "meanResTime" : 393.29292929292933,
    "medianResTime" : 249.0,
    "minResTime" : 222.0,
    "maxResTime" : 577.0,
    "pct1ResTime" : 560.0,
    "pct2ResTime" : 564.0,
    "pct3ResTime" : 577.0,
    "throughput" : 9.536653501589443,
    "receivedKBytesPerSec" : 10.22582572729024,
    "sentKBytesPerSec" : 7.115237573451497
  }
}