{
  "HTTP Request-1" : {
    "transaction" : "HTTP Request-1",
    "sampleCount" : 400,
    "errorCount" : 0,
    "errorPct" : 0.0,
    "meanResTime" : 194.9299999999999,
    "medianResTime" : 136.0,
    "minResTime" : 125.0,
    "maxResTime" : 828.0,
    "pct1ResTime" : 352.80000000000007,
    "pct2ResTime" : 397.9,
    "pct3ResTime" : 436.9000000000001,
    "throughput" : 13.068478829064295,
    "receivedKBytesPerSec" : 6.9553915642969155,
    "sentKBytesPerSec" : 3.2033087754835337
  },
  "Total" : {
    "transaction" : "Total",
    "sampleCount" : 1199,
    "errorCount" : 0,
    "errorPct" : 0.0,
    "meanResTime" : 222.71059216013361,
    "medianResTime" : 199.0,
    "minResTime" : 93.0,
    "maxResTime" : 1690.0,
    "pct1ResTime" : 411.0,
    "pct2ResTime" : 551.0,
    "pct3ResTime" : 658.0,
    "throughput" : 38.684906756146354,
    "receivedKBytesPerSec" : 17.64766340864361,
    "sentKBytesPerSec" : 12.637841699199845
  },
  "HTTP Request-0" : {
    "transaction" : "HTTP Request-0",
    "sampleCount" : 400,
    "errorCount" : 0,
    "errorPct" : 0.0,
    "meanResTime" : 139.70999999999987,
    "medianResTime" : 101.5,
    "minResTime" : 93.0,
    "maxResTime" : 1279.0,
    "pct1ResTime" : 209.0,
    "pct2ResTime" : 244.95,
    "pct3ResTime" : 507.4300000000005,
    "throughput" : 12.980691221807561,
    "receivedKBytesPerSec" : 1.9775271783222457,
    "sentKBytesPerSec" : 3.181790524095408
  },
  "HTTP Request" : {
    "transaction" : "HTTP Request",
    "sampleCount" : 399,
    "errorCount" : 0,
    "errorPct" : 0.0,
    "meanResTime" : 333.76942355889753,
    "medianResTime" : 237.0,
    "minResTime" : 221.0,
    "maxResTime" : 1690.0,
    "pct1ResTime" : 561.0,
    "pct2ResTime" : 637.0,
    "pct3ResTime" : 931.0,
    "throughput" : 12.999706773531424,
    "receivedKBytesPerSec" : 8.899213328364773,
    "sentKBytesPerSec" : 6.372903125305444
  }
}