{
  "HTTP Request-1" : {
    "transaction" : "HTTP Request-1",
    "sampleCount" : 50,
    "errorCount" : 0,
    "errorPct" : 0.0,
    "meanResTime" : 357.42,
    "medianResTime" : 354.5,
    "minResTime" : 344.0,
    "maxResTime" : 418.0,
    "pct1ResTime" : 365.0,
    "pct2ResTime" : 376.6499999999999,
    "pct3ResTime" : 418.0,
    "throughput" : 4.93339911198816,
    "receivedKBytesPerSec" : 33.20129424642329,
    "sentKBytesPerSec" : 1.854842439565861
  },
  "Total" : {
    "transaction" : "Total",
    "sampleCount" : 149,
    "errorCount" : 0,
    "errorPct" : 0.0,
    "meanResTime" : 374.6107382550336,
    "medianResTime" : 354.0,
    "minResTime" : 197.0,
    "maxResTime" : 624.0,
    "pct1ResTime" : 569.0,
    "pct2ResTime" : 572.0,
    "pct3ResTime" : 611.0,
    "throughput" : 14.386405329728687,
    "receivedKBytesPerSec" : 66.08443791035049,
    "sentKBytesPerSec" : 7.187733839432268
  },
  "HTTP Request-0" : {
    "transaction" : "HTTP Request-0",
    "sampleCount" : 50,
    "errorCount" : 0,
    "errorPct" : 0.0,
    "meanResTime" : 206.43999999999997,
    "medianResTime" : 205.5,
    "minResTime" : 197.0,
    "maxResTime" : 225.0,
    "pct1ResTime" : 216.9,
    "pct2ResTime" : 222.89999999999998,
    "pct3ResTime" : 225.0,
    "throughput" : 4.999000199960007,
    "receivedKBytesPerSec" : 0.9177851929614077,
    "sentKBytesPerSec" : 1.8795069111177762
  },
  "HTTP Request" : {
    "transaction" : "HTTP Request",
    "sampleCount" : 49,
    "errorCount" : 0,
    "errorPct" : 0.0,
    "meanResTime" : 563.7551020408166,
    "medianResTime" : 560.0,
    "minResTime" : 549.0,
    "maxResTime" : 624.0,
    "pct1ResTime" : 578.0,
    "pct2ResTime" : 595.5,
    "pct3ResTime" : 624.0,
    "throughput" : 4.824259131633356,
    "receivedKBytesPerSec" : 33.35253704341833,
    "sentKBytesPerSec" : 3.6276167298414888
  }
}