{
  "HTTP Request-1" : {
    "transaction" : "HTTP Request-1",
    "sampleCount" : 50,
    "errorCount" : 25,
    "errorPct" : 50.0,
    "meanResTime" : 48564.42,
    "medianResTime" : 60149.5,
    "minResTime" : 12833.0,
    "maxResTime" : 61320.0,
    "pct1ResTime" : 60443.5,
    "pct2ResTime" : 60777.7,
    "pct3ResTime" : 61320.0,
    "throughput" : 0.7127075760815338,
    "receivedKBytesPerSec" : 316.21543368256005,
    "sentKBytesPerSec" : 0.26378532356923956
  },
  "Total" : {
    "transaction" : "Total",
    "sampleCount" : 149,
    "errorCount" : 50,
    "errorPct" : 33.55705,
    "meanResTime" : 32668.3154362416,
    "medianResTime" : 37341.0,
    "minResTime" : 193.0,
    "maxResTime" : 61622.0,
    "pct1ResTime" : 60605.0,
    "pct2ResTime" : 60697.0,
    "pct3ResTime" : 61575.5,
    "throughput" : 2.1170185558807653,
    "receivedKBytesPerSec" : 618.0350927572035,
    "sentKBytesPerSec" : 1.0412208110738541
  },
  "HTTP Request-0" : {
    "transaction" : "HTTP Request-0",
    "sampleCount" : 50,
    "errorCount" : 0,
    "errorPct" : 0.0,
    "meanResTime" : 241.76,
    "medianResTime" : 206.5,
    "minResTime" : 193.0,
    "maxResTime" : 1261.0,
    "pct1ResTime" : 250.6,
    "pct2ResTime" : 416.6499999999985,
    "pct3ResTime" : 1261.0,
    "throughput" : 4.978592054167082,
    "receivedKBytesPerSec" : 0.8848669471273525,
    "sentKBytesPerSec" : 1.842662488798168
  },
  "HTTP Request" : {
    "transaction" : "HTTP Request",
    "sampleCount" : 49,
    "errorCount" : 25,
    "errorPct" : 51.02041,
    "meanResTime" : 49536.12244897959,
    "medianResTime" : 60432.0,
    "minResTime" : 13125.0,
    "maxResTime" : 61622.0,
    "pct1ResTime" : 60712.0,
    "pct2ResTime" : 61474.0,
    "pct3ResTime" : 61622.0,
    "throughput" : 0.6981847197287053,
    "receivedKBytesPerSec" : 303.5759230242441,
    "sentKBytesPerSec" : 0.5168203296429283
  }
}